{"cameraMode":{"drawMode":0,"name":"Shaded","section":"Shading Mode"},"sceneLighting":true,"audioPlay":false,"sceneViewState":{"m_AlwaysRefresh":true,"showFog":true,"showSkybox":true,"showFlares":true,"showImageEffects":true,"showParticleSystems":true,"showVisualEffectGraphs":true,"m_FxEnabled":true},"in2DMode":false,"pivot":{"x":30.058338165283204,"y":-21.510677337646486,"z":-18.413143157958986},"rotation":{"x":-0.13491761684417725,"y":-0.8373173475265503,"z":0.23877306282520295,"w":-0.47298774123191836},"size":27.0810604095459,"orthographic":false}